{
    "oxford": {
        "minx": -1.3990,
        "miny": 51.6844,
        "maxx": -1.0811,
        "maxy": 51.8227
    },
    "boston": {
        "minx": -71.197,
        "miny": 42.3346,
        "maxx": -71.038,
        "maxy": 42.4172
    },
    "chicago-loop": {
        "minx": -87.7189,
        "miny": 41.83273,
        "maxx": -87.5692,
        "maxy": 41.925781
    }
}
